{
    "canon canon powershot a3300 is 4608 3456 brown 0.7600": {
        "projection_type": "brown",
        "width": 4608,
        "height": 3456,
        "focal_x": 0.8052848887702462,
        "focal_y": 0.8052848887702462,
        "c_x": -0.01812623894847715,
        "c_y": 0.0034481158269411387,
        "k1": -0.04002988542651524,
        "k2": -0.004073786901766359,
        "p1": 0.0019215021189276536,
        "p2": -0.0032275046575309077,
        "k3": 0.00018139853061870453
    }
}