{
    "v2 canon canon powershot a3300 is 4608 3456 brown 0.7600": {
        "projection_type": "brown",
        "width": 4608,
        "height": 3456,
        "focal_x": 0.7600401301188703,
        "focal_y": 0.7600401301188703,
        "c_x": 0.0,
        "c_y": 0.0,
        "k1": 0.0,
        "k2": 0.0,
        "p1": 0.0,
        "p2": 0.0,
        "k3": 0.0
    }
}